{
"beam": [
0.01129150390625
],
"default": [
0.016326904296875
],
"sa": [
0.01129150390625
],
"greedy": [
0.011293411254882812
],
"transfer_graph": [
0.01129150390625
]
}