{
"Origin": [
1.6450881958007812e-05,
"None"
],
"Default": [
1.6450881958007812e-05,
"['RemoveUnusedFunctions', 'ToBasicBlockNormalForm', 'Legalize', 'SimplifyInference', 'EliminateCommonSubexpr', 'CombineParallelConv2D', 'CombineParallelDense', 'CombineParallelBatchMatmul', 'FoldConstant', 'FoldScaleAxis', 'SimplifyExpr', 'CanonicalizeCast', 'CanonicalizeOps', 'FlattenAtrousConv', 'AlterOpLayout', 'SimplifyExpr', 'FastMath', 'FoldConstant', 'SplitArgs', 'FuseOps']",
32.449384450912476
],
"Greedy": [
1.6450881958007812e-05,
"[]",
65.65906810760498
],
"Beam": [
1.6450881958007812e-05,
"[]",
70.4336462020874
],
"SA": [
1.6450881958007812e-05,
"[]",
315.8343312740326
],
"Transfer": [
1.6450881958007812e-05,
"['PartialEvaluate']",
125.87434220314026
]
}