{
"Origin": [
3.24249267578125e-05,
"None"
],
"Default": [
3.24249267578125e-05,
"['RemoveUnusedFunctions', 'ToBasicBlockNormalForm', 'Legalize', 'SimplifyInference', 'EliminateCommonSubexpr', 'CombineParallelConv2D', 'CombineParallelDense', 'CombineParallelBatchMatmul', 'FoldConstant', 'FoldScaleAxis', 'SimplifyExpr', 'CanonicalizeCast', 'CanonicalizeOps', 'FlattenAtrousConv', 'AlterOpLayout', 'SimplifyExpr', 'FastMath', 'FoldConstant', 'SplitArgs', 'FuseOps']",
30.938912630081177
],
"Greedy": [
3.24249267578125e-05,
"[]",
62.58174681663513
],
"Beam": [
3.24249267578125e-05,
"[]",
67.01083087921143
],
"SA": [
3.24249267578125e-05,
"[]",
314.3474187850952
],
"Transfer": [
3.24249267578125e-05,
"['PartialEvaluate']",
112.59684252738953
]
}