{
"Origin": [
0.7177810668945312,
"None"
],
"Default": [
3.1585121154785156,
"['RemoveUnusedFunctions', 'ToBasicBlockNormalForm', 'Legalize', 'SimplifyInference', 'EliminateCommonSubexpr', 'CombineParallelConv2D', 'CombineParallelDense', 'CombineParallelBatchMatmul', 'FoldConstant', 'FoldScaleAxis', 'SimplifyExpr', 'CanonicalizeCast', 'CanonicalizeOps', 'FlattenAtrousConv', 'AlterOpLayout', 'SimplifyExpr', 'FastMath', 'FoldConstant', 'SplitArgs', 'FuseOps']",
810.4397044181824
],
"Greedy": [
0.7177810668945312,
"[]",
1003.6476435661316
],
"Beam": [
0.7177810668945312,
"[]",
1137.7478845119476
],
"SA": [
0.7177810668945312,
"[]",
5577.618286371231
],
"Transfer": [
0.7177810668945312,
"['SimplifyInference']",
42244.52690529823
]
}