{
"Origin": [
0.0059986114501953125,
"None"
],
"Default": [
0.008707046508789062,
"['RemoveUnusedFunctions', 'ToBasicBlockNormalForm', 'Legalize', 'SimplifyInference', 'EliminateCommonSubexpr', 'CombineParallelConv2D', 'CombineParallelDense', 'CombineParallelBatchMatmul', 'FoldConstant', 'FoldScaleAxis', 'SimplifyExpr', 'CanonicalizeCast', 'CanonicalizeOps', 'FlattenAtrousConv', 'AlterOpLayout', 'SimplifyExpr', 'FastMath', 'FoldConstant', 'SplitArgs', 'FuseOps']",
859.0479800701141
],
"Greedy": [
0.0059986114501953125,
"[]",
995.12855219841
],
"Beam": [
0.0059986114501953125,
"[]",
1193.142208814621
],
"SA": [
0.0059986114501953125,
"[]",
4829.498178720474
],
"Transfer": [
0.0059986114501953125,
"['FakeQuantizationToInteger']",
7808.161758184433
]
}