{
"Origin": [
2.765655517578125e-05,
"None"
],
"Default": [
2.765655517578125e-05,
"['RemoveUnusedFunctions', 'ToBasicBlockNormalForm', 'Legalize', 'SimplifyInference', 'EliminateCommonSubexpr', 'CombineParallelConv2D', 'CombineParallelDense', 'CombineParallelBatchMatmul', 'FoldConstant', 'FoldScaleAxis', 'SimplifyExpr', 'CanonicalizeCast', 'CanonicalizeOps', 'FlattenAtrousConv', 'AlterOpLayout', 'SimplifyExpr', 'FastMath', 'FoldConstant', 'SplitArgs', 'FuseOps']",
33.68743109703064
],
"Greedy": [
2.765655517578125e-05,
"[]",
66.47969269752502
],
"Beam": [
2.765655517578125e-05,
"[]",
72.23262119293213
],
"SA": [
2.765655517578125e-05,
"[]",
335.85782408714294
],
"Transfer": [
2.765655517578125e-05,
"['SimplifyExpr']",
597.9300286769867
]
}