{
"Origin": [
2.765655517578125e-05,
"None"
],
"Default": [
2.765655517578125e-05,
"['RemoveUnusedFunctions', 'ToBasicBlockNormalForm', 'Legalize', 'SimplifyInference', 'EliminateCommonSubexpr', 'CombineParallelConv2D', 'CombineParallelDense', 'CombineParallelBatchMatmul', 'FoldConstant', 'FoldScaleAxis', 'SimplifyExpr', 'CanonicalizeCast', 'CanonicalizeOps', 'FlattenAtrousConv', 'AlterOpLayout', 'SimplifyExpr', 'FastMath', 'FoldConstant', 'SplitArgs', 'FuseOps']",
34.34796905517578
],
"Greedy": [
2.765655517578125e-05,
"[]",
65.36031723022461
],
"Beam": [
2.765655517578125e-05,
"[]",
70.26938486099243
],
"SA": [
2.765655517578125e-05,
"[]",
325.65085911750793
],
"Transfer": [
2.384185791015625e-05,
"['PartialEvaluate', 'SimplifyExpr', 'FuseOps', 'ToANormalForm']",
295.2805087566376
]
}